{"accuracy": [0.5733267068862915, 0.8503876328468323, 0.9112170338630676, 0.9368233680725098, 0.9533252716064453, 0.9628992080688477, 0.9714773297309875, 0.9756312966346741, 0.9787182807922363, 0.9809801578521729], "loss": [1.4659231901168823, 0.4728180170059204, 0.27538466453552246, 0.1949532926082611, 0.14286008477210999, 0.10981728881597519, 0.08503661304712296, 0.07565690577030182, 0.06583619117736816, 0.05820295587182045], "val_accuracy": [0.8177782893180847, 0.9108240604400635, 0.9299453496932983, 0.9526519179344177, 0.9196448922157288, 0.9575461149215698, 0.9517983198165894, 0.9535624980926514, 0.9725130796432495, 0.9464489221572876], "val_loss": [0.5723403692245483, 0.2748383581638336, 0.2237910032272339, 0.1443798840045929, 0.24477903544902802, 0.13138677179813385, 0.159707173705101, 0.15038806200027466, 0.0956663191318512, 0.20854511857032776]}